mean_fit_time;mean_score_time;mean_test_score;mean_train_score;param_models;param_tfidf__analyzer;param_tfidf__decode_error;param_tfidf__lowercase;param_tfidf__max_df;param_tfidf__ngram_range;param_tfidf__norm;param_tfidf__smooth_idf;param_tfidf__sublinear_tf;param_tfidf__use_idf;params;rank_test_score;split0_test_score;split0_train_score;split1_test_score;split1_train_score;split2_test_score;split2_train_score;split3_test_score;split3_train_score;split4_test_score;split4_train_score;std_fit_time;std_score_time;std_test_score;std_train_score
63.48056492805481;1.4552672386169434;0.9520625789628477;0.9704284374086651;"RidgeClassifier(alpha=1.0, class_weight=None, copy_X=True, fit_intercept=True,
        max_iter=None, normalize=False, random_state=None, solver='auto',
        tol=0.001)";word;ignore;True;0.989473684211;(1, 1);;True;False;False;"{'tfidf__use_idf': False, 'tfidf__lowercase': True, 'models': RidgeClassifier(alpha=1.0, class_weight=None, copy_X=True, fit_intercept=True,
        max_iter=None, normalize=False, random_state=None, solver='auto',
        tol=0.001), 'tfidf__sublinear_tf': False, 'tfidf__decode_error': 'ignore', 'tfidf__norm': None, 'tfidf__smooth_idf': True, 'tfidf__ngram_range': (1, 1), 'tfidf__max_df': 0.98947368421052628, 'tfidf__analyzer': 'word'}";21;0.9516495319882251;0.9685378258408889;0.9472602847355355;0.9716626029326842;0.9412724773982002;0.9710499987371106;0.9585418382841887;0.9723724198696003;0.9615897654753516;0.9685193396630412;9.52801444863504;0.03844736956798841;0.007381131661812027;0.001606713237430742
6.908700609207154;1.4993773460388184;0.6607538712416354;0.6663295178873847;"LogisticRegression(C=0.0001, class_weight=None, dual=False,
          fit_intercept=True, intercept_scaling=1, max_iter=100,
          multi_class='ovr', n_jobs=1, penalty='l2', random_state=None,
          solver='liblinear', tol=0.0001, verbose=0, warm_start=False)";word;ignore;True;0.884210526316;(3, 1);l1;True;True;True;"{'tfidf__use_idf': True, 'tfidf__lowercase': True, 'models': LogisticRegression(C=0.0001, class_weight=None, dual=False,
          fit_intercept=True, intercept_scaling=1, max_iter=100,
          multi_class='ovr', n_jobs=1, penalty='l2', random_state=None,
          solver='liblinear', tol=0.0001, verbose=0, warm_start=False), 'tfidf__sublinear_tf': True, 'tfidf__decode_error': 'ignore', 'tfidf__norm': 'l1', 'tfidf__smooth_idf': True, 'tfidf__ngram_range': (3, 1), 'tfidf__max_df': 0.88421052631578956, 'tfidf__analyzer': 'word'}";48;0.6638668130676639;0.6674353048915285;0.6589832332882869;0.6637345659078937;0.6992996519375216;0.6559415305248593;0.5698356772565016;0.6922171466259252;0.7117814808565823;0.6523190414867173;0.0778186625477802;0.0451409741175078;0.04973563423325242;0.014016630071429797
63.3170567035675;1.5112535953521729;0.8927465731723324;0.999425342817694;"RidgeClassifier(alpha=0.0001, class_weight=None, copy_X=True,
        fit_intercept=True, max_iter=None, normalize=False,
        random_state=None, solver='auto', tol=0.001)";word;ignore;True;0.852631578947;(3, 1);l1;False;True;True;"{'tfidf__use_idf': True, 'tfidf__lowercase': True, 'models': RidgeClassifier(alpha=0.0001, class_weight=None, copy_X=True,
        fit_intercept=True, max_iter=None, normalize=False,
        random_state=None, solver='auto', tol=0.001), 'tfidf__sublinear_tf': True, 'tfidf__decode_error': 'ignore', 'tfidf__norm': 'l1', 'tfidf__smooth_idf': False, 'tfidf__ngram_range': (3, 1), 'tfidf__max_df': 0.85263157894736841, 'tfidf__analyzer': 'word'}";37;0.904007334454257;0.9993727203715248;0.8814675717862492;0.9994923863401605;0.8873332691683166;0.9993870152921507;0.8739181065997069;0.9994707908750045;0.9170069242500933;0.9994038012096297;5.557478942499317;0.044459350970738915;0.015661238180824818;4.746055573021941e-05
6.861587190628052;1.530940294265747;0.6607538712416354;0.6663295178873847;"LogisticRegression(C=0.0001, class_weight=None, dual=False,
          fit_intercept=True, intercept_scaling=1, max_iter=100,
          multi_class='ovr', n_jobs=1, penalty='l2', random_state=None,
          solver='liblinear', tol=0.0001, verbose=0, warm_start=False)";word;ignore;True;0.978947368421;(3, 1);l1;True;True;True;"{'tfidf__use_idf': True, 'tfidf__lowercase': True, 'models': LogisticRegression(C=0.0001, class_weight=None, dual=False,
          fit_intercept=True, intercept_scaling=1, max_iter=100,
          multi_class='ovr', n_jobs=1, penalty='l2', random_state=None,
          solver='liblinear', tol=0.0001, verbose=0, warm_start=False), 'tfidf__sublinear_tf': True, 'tfidf__decode_error': 'ignore', 'tfidf__norm': 'l1', 'tfidf__smooth_idf': True, 'tfidf__ngram_range': (3, 1), 'tfidf__max_df': 0.97894736842105268, 'tfidf__analyzer': 'word'}";48;0.6638668130676639;0.6674353048915285;0.6589832332882869;0.6637345659078937;0.6992996519375216;0.6559415305248593;0.5698356772565016;0.6922171466259252;0.7117814808565823;0.6523190414867173;0.03561244096087212;0.03434796489336321;0.04973563423325242;0.014016630071429797
6.610974645614624;1.5037525653839112;0.9703559763545884;0.998880033155151;"SGDClassifier(alpha=0.0001, average=False, class_weight=None, epsilon=0.1,
       eta0=0.0, fit_intercept=True, l1_ratio=0.15,
       learning_rate='optimal', loss='hinge', n_iter=5, n_jobs=1,
       penalty='l2', power_t=0.5, random_state=None, shuffle=True,
       verbose=0, warm_start=False)";word;ignore;True;0.842105263158;(3, 1);l2;False;True;True;"{'tfidf__use_idf': True, 'tfidf__lowercase': True, 'models': SGDClassifier(alpha=0.0001, average=False, class_weight=None, epsilon=0.1,
       eta0=0.0, fit_intercept=True, l1_ratio=0.15,
       learning_rate='optimal', loss='hinge', n_iter=5, n_jobs=1,
       penalty='l2', power_t=0.5, random_state=None, shuffle=True,
       verbose=0, warm_start=False), 'tfidf__sublinear_tf': True, 'tfidf__decode_error': 'ignore', 'tfidf__norm': 'l2', 'tfidf__smooth_idf': False, 'tfidf__ngram_range': (3, 1), 'tfidf__max_df': 0.8421052631578948, 'tfidf__analyzer': 'word'}";7;0.9751083930460837;0.9990843949077338;0.970322370281907;0.999144639256674;0.9653412334873294;0.9988660014297389;0.9602601638926658;0.9985385359819432;0.9807477396111437;0.9987665941996653;0.08341786143936451;0.03556330163583163;0.00717832454363688;0.00021975701132412084
6.321903467178345;1.498786449432373;0.8717336123156096;0.8669830754468416;BernoulliNB(alpha=1.0, binarize=0.0, class_prior=None, fit_prior=True);word;ignore;True;0.989473684211;(3, 1);;False;False;False;{'tfidf__use_idf': False, 'tfidf__lowercase': True, 'models': BernoulliNB(alpha=1.0, binarize=0.0, class_prior=None, fit_prior=True), 'tfidf__sublinear_tf': False, 'tfidf__decode_error': 'ignore', 'tfidf__norm': None, 'tfidf__smooth_idf': False, 'tfidf__ngram_range': (3, 1), 'tfidf__max_df': 0.98947368421052628, 'tfidf__analyzer': 'word'};39;0.861098289020187;0.8666426649121692;0.8740329415338844;0.8656842676150651;0.8803042534858627;0.86037324181732;0.8640443509301257;0.8758032118318663;0.8791882119025642;0.8664119910577874;0.09656624486931643;0.02371369203340689;0.00783006000921141;0.004972195188361212
8.233128595352174;1.5476150035858154;0.9712247739061771;0.9812374366432401;"LogisticRegression(C=1.0, class_weight=None, dual=False, fit_intercept=True,
          intercept_scaling=1, max_iter=100, multi_class='ovr', n_jobs=6,
          penalty='l1', random_state=None, solver='liblinear', tol=0.0001,
          verbose=0, warm_start=False)";word;ignore;True;0.936842105263;(3, 1);l2;True;True;True;"{'tfidf__use_idf': True, 'tfidf__lowercase': True, 'models': LogisticRegression(C=1.0, class_weight=None, dual=False, fit_intercept=True,
          intercept_scaling=1, max_iter=100, multi_class='ovr', n_jobs=6,
          penalty='l1', random_state=None, solver='liblinear', tol=0.0001,
          verbose=0, warm_start=False), 'tfidf__sublinear_tf': True, 'tfidf__decode_error': 'ignore', 'tfidf__norm': 'l2', 'tfidf__smooth_idf': True, 'tfidf__ngram_range': (3, 1), 'tfidf__max_df': 0.93684210526315792, 'tfidf__analyzer': 'word'}";6;0.9604306454738782;0.9816350583689377;0.9797557735420137;0.9809451793290593;0.9659485095383261;0.9812571068380566;0.9733100429746817;0.9832047851812419;0.9766793704986585;0.9791450534989048;0.193924333187337;0.016929564824960167;0.007088515511393246;0.0013032598960820722
52.151196575164796;1.5079777717590332;0.9040286417900162;0.9978383904869652;"RidgeClassifier(alpha=0.0001, class_weight=None, copy_X=True,
        fit_intercept=True, max_iter=None, normalize=False,
        random_state=None, solver='auto', tol=0.001)";word;ignore;False;0.831578947368;(2, 1);;False;True;True;"{'tfidf__use_idf': True, 'tfidf__lowercase': False, 'models': RidgeClassifier(alpha=0.0001, class_weight=None, copy_X=True,
        fit_intercept=True, max_iter=None, normalize=False,
        random_state=None, solver='auto', tol=0.001), 'tfidf__sublinear_tf': True, 'tfidf__decode_error': 'ignore', 'tfidf__norm': None, 'tfidf__smooth_idf': False, 'tfidf__ngram_range': (2, 1), 'tfidf__max_df': 0.83157894736842108, 'tfidf__analyzer': 'word'}";36;0.9164016586002074;0.9979639302335472;0.8820709193668355;0.9983833678865904;0.9058720484092314;0.9972284617093994;0.8941535906520969;0.9979730984848602;0.9216454770718991;0.9976430941204286;0.7370003703288437;0.028713103495230995;0.014467214381253599;0.00038498327840475176
36.91154990196228;1.4989309787750245;0.8792387416602603;0.9995887598403955;"RidgeClassifier(alpha=0.0001, class_weight=None, copy_X=True,
        fit_intercept=True, max_iter=None, normalize=False,
        random_state=None, solver='auto', tol=0.001)";word;ignore;False;0.915789473684;(2, 1);l2;False;True;True;"{'tfidf__use_idf': True, 'tfidf__lowercase': False, 'models': RidgeClassifier(alpha=0.0001, class_weight=None, copy_X=True,
        fit_intercept=True, max_iter=None, normalize=False,
        random_state=None, solver='auto', tol=0.001), 'tfidf__sublinear_tf': True, 'tfidf__decode_error': 'ignore', 'tfidf__norm': 'l2', 'tfidf__smooth_idf': False, 'tfidf__ngram_range': (2, 1), 'tfidf__max_df': 0.91578947368421049, 'tfidf__analyzer': 'word'}";38;0.881773174046953;0.9995411844684845;0.8629369768586903;0.9996980275148633;0.8915321492923516;0.9995526101208696;0.8660308134091594;0.9995912307235468;0.8939206870655803;0.9995607463742139;7.257612277063517;0.014511012612642427;0.012753851106349289;5.709728972362524e-05
6.631987857818603;1.5241960048675538;0.9682930997549515;0.9949201886844434;"SGDClassifier(alpha=0.0001, average=False, class_weight=None, epsilon=0.1,
       eta0=0.0, fit_intercept=True, l1_ratio=0.15,
       learning_rate='optimal', loss='hinge', n_iter=5, n_jobs=1,
       penalty='l2', power_t=0.5, random_state=None, shuffle=True,
       verbose=0, warm_start=False)";word;ignore;True;0.852631578947;(2, 1);l2;False;True;False;"{'tfidf__use_idf': False, 'tfidf__lowercase': True, 'models': SGDClassifier(alpha=0.0001, average=False, class_weight=None, epsilon=0.1,
       eta0=0.0, fit_intercept=True, l1_ratio=0.15,
       learning_rate='optimal', loss='hinge', n_iter=5, n_jobs=1,
       penalty='l2', power_t=0.5, random_state=None, shuffle=True,
       verbose=0, warm_start=False), 'tfidf__sublinear_tf': True, 'tfidf__decode_error': 'ignore', 'tfidf__norm': 'l2', 'tfidf__smooth_idf': False, 'tfidf__ngram_range': (2, 1), 'tfidf__max_df': 0.85263157894736841, 'tfidf__analyzer': 'word'}";9;0.9693142265627456;0.9960406257941907;0.9703335009480709;0.9961149388132147;0.9623159838985093;0.9954583803077451;0.9665343350834185;0.9915714261536639;0.9729676350030271;0.995415572353403;0.07094780383783177;0.056302522392881214;0.0036297788366699566;0.0016989451361073883
7.831875610351562;1.4604010105133056;0.9770114078895367;0.9931883212333101;"RidgeClassifier(alpha=1.0, class_weight=None, copy_X=True, fit_intercept=True,
        max_iter=None, normalize=False, random_state=None, solver='auto',
        tol=0.001)";word;ignore;False;0.821052631579;(2, 1);l1;True;True;False;"{'tfidf__use_idf': False, 'tfidf__lowercase': False, 'models': RidgeClassifier(alpha=1.0, class_weight=None, copy_X=True, fit_intercept=True,
        max_iter=None, normalize=False, random_state=None, solver='auto',
        tol=0.001), 'tfidf__sublinear_tf': True, 'tfidf__decode_error': 'ignore', 'tfidf__norm': 'l1', 'tfidf__smooth_idf': True, 'tfidf__ngram_range': (2, 1), 'tfidf__max_df': 0.82105263157894737, 'tfidf__analyzer': 'word'}";2;0.9729477343201651;0.9930604947877223;0.9841050813455272;0.9931979111398115;0.9755640956137319;0.993217574368759;0.968764783919066;0.993517111289928;0.9836752450615507;0.99294851458033;0.21093532891467034;0.025355190609430603;0.006022281836128847;0.00019125765060581227
6.545314025878906;1.4622954845428466;0.9347205166517014;0.982824824883999;"SGDClassifier(alpha=0.0001, average=False, class_weight=None, epsilon=0.1,
       eta0=0.0, fit_intercept=True, l1_ratio=0.15,
       learning_rate='optimal', loss='hinge', n_iter=5, n_jobs=1,
       penalty='l2', power_t=0.5, random_state=None, shuffle=True,
       verbose=0, warm_start=False)";word;ignore;True;0.863157894737;(3, 1);l1;False;False;False;"{'tfidf__use_idf': False, 'tfidf__lowercase': True, 'models': SGDClassifier(alpha=0.0001, average=False, class_weight=None, epsilon=0.1,
       eta0=0.0, fit_intercept=True, l1_ratio=0.15,
       learning_rate='optimal', loss='hinge', n_iter=5, n_jobs=1,
       penalty='l2', power_t=0.5, random_state=None, shuffle=True,
       verbose=0, warm_start=False), 'tfidf__sublinear_tf': False, 'tfidf__decode_error': 'ignore', 'tfidf__norm': 'l1', 'tfidf__smooth_idf': False, 'tfidf__ngram_range': (3, 1), 'tfidf__max_df': 0.86315789473684212, 'tfidf__analyzer': 'word'}";30;0.9486799357302241;0.9839213715192692;0.8990134301308441;0.9803574318407899;0.9499976101805001;0.9890270029610848;0.9238666626967191;0.9843635802288686;0.952045350033579;0.976454737869983;0.07964204272754731;0.026992701719696054;0.02059725211360586;0.004211964682434602
7.985449886322021;1.4890585899353028;0.9717520124392728;0.9816638592014811;"LogisticRegression(C=1.0, class_weight=None, dual=False, fit_intercept=True,
          intercept_scaling=1, max_iter=100, multi_class='ovr', n_jobs=6,
          penalty='l1', random_state=None, solver='liblinear', tol=0.0001,
          verbose=0, warm_start=False)";word;ignore;False;0.915789473684;(1, 1);l2;False;True;False;"{'tfidf__use_idf': False, 'tfidf__lowercase': False, 'models': LogisticRegression(C=1.0, class_weight=None, dual=False, fit_intercept=True,
          intercept_scaling=1, max_iter=100, multi_class='ovr', n_jobs=6,
          penalty='l1', random_state=None, solver='liblinear', tol=0.0001,
          verbose=0, warm_start=False), 'tfidf__sublinear_tf': True, 'tfidf__decode_error': 'ignore', 'tfidf__norm': 'l2', 'tfidf__smooth_idf': False, 'tfidf__ngram_range': (1, 1), 'tfidf__max_df': 0.91578947368421049, 'tfidf__analyzer': 'word'}";4;0.9624813070282955;0.9830621850849554;0.9796174586463016;0.9791761469071921;0.9649267798589941;0.9837505832121932;0.9754898749797367;0.9827739321887342;0.9762451574911255;0.9795564486143316;0.06740041924282356;0.04481654684525805;0.006761044001549948;0.0019064042725661355
6.281226730346679;1.4750200271606446;0.8717336123156096;0.8669830754468416;BernoulliNB(alpha=1.0, binarize=0.0, class_prior=None, fit_prior=True);word;ignore;False;0.915789473684;(3, 1);;True;False;False;{'tfidf__use_idf': False, 'tfidf__lowercase': False, 'models': BernoulliNB(alpha=1.0, binarize=0.0, class_prior=None, fit_prior=True), 'tfidf__sublinear_tf': False, 'tfidf__decode_error': 'ignore', 'tfidf__norm': None, 'tfidf__smooth_idf': True, 'tfidf__ngram_range': (3, 1), 'tfidf__max_df': 0.91578947368421049, 'tfidf__analyzer': 'word'};39;0.861098289020187;0.8666426649121692;0.8740329415338844;0.8656842676150651;0.8803042534858627;0.86037324181732;0.8640443509301257;0.8758032118318663;0.8791882119025642;0.8664119910577874;0.08584199815261533;0.0264511018366526;0.00783006000921141;0.004972195188361212
7.46596131324768;1.4971540451049805;0.7119267524395942;0.7254373955328496;"LogisticRegression(C=0.0001, class_weight=None, dual=False,
          fit_intercept=True, intercept_scaling=1, max_iter=100,
          multi_class='ovr', n_jobs=1, penalty='l2', random_state=None,
          solver='liblinear', tol=0.0001, verbose=0, warm_start=False)";word;ignore;False;0.852631578947;(2, 1);;False;True;True;"{'tfidf__use_idf': True, 'tfidf__lowercase': False, 'models': LogisticRegression(C=0.0001, class_weight=None, dual=False,
          fit_intercept=True, intercept_scaling=1, max_iter=100,
          multi_class='ovr', n_jobs=1, penalty='l2', random_state=None,
          solver='liblinear', tol=0.0001, verbose=0, warm_start=False), 'tfidf__sublinear_tf': True, 'tfidf__decode_error': 'ignore', 'tfidf__norm': None, 'tfidf__smooth_idf': False, 'tfidf__ngram_range': (2, 1), 'tfidf__max_df': 0.85263157894736841, 'tfidf__analyzer': 'word'}";45;0.7022915095278502;0.7268207142161937;0.740441049373016;0.716682951906457;0.7416894845323025;0.7189374768555978;0.6466482064108036;0.7413316798753548;0.7285604639545308;0.7234141548106447;0.12730016459211738;0.03171697761114277;0.035579675292949656;0.008689356413206365
6.49478850364685;1.4603330612182617;0.9602019810795274;0.999773125640138;"PassiveAggressiveClassifier(C=1.0, class_weight=None, fit_intercept=True,
              loss='hinge', n_iter=5, n_jobs=1, random_state=None,
              shuffle=True, verbose=0, warm_start=False)";word;ignore;False;0.947368421053;(3, 1);l2;True;True;True;"{'tfidf__use_idf': True, 'tfidf__lowercase': False, 'models': PassiveAggressiveClassifier(C=1.0, class_weight=None, fit_intercept=True,
              loss='hinge', n_iter=5, n_jobs=1, random_state=None,
              shuffle=True, verbose=0, warm_start=False), 'tfidf__sublinear_tf': True, 'tfidf__decode_error': 'ignore', 'tfidf__norm': 'l2', 'tfidf__smooth_idf': True, 'tfidf__ngram_range': (3, 1), 'tfidf__max_df': 0.94736842105263164, 'tfidf__analyzer': 'word'}";14;0.9639924586463016;0.9998698648017259;0.9681286469300314;0.9999206786166992;0.9550630454026421;0.9995987857997262;0.9392220887878758;0.9998364184376977;0.9746032533719742;0.999639880544841;0.08060885974398574;0.012783518085642131;0.012256746586768476;0.00012906196951485236
52.35516390800476;1.503417730331421;0.9604560124125232;0.9786992737614566;"RidgeClassifier(alpha=0.0001, class_weight=None, copy_X=True,
        fit_intercept=True, max_iter=None, normalize=False,
        random_state=None, solver='auto', tol=0.001)";word;ignore;True;0.978947368421;(2, 1);;True;False;True;"{'tfidf__use_idf': True, 'tfidf__lowercase': True, 'models': RidgeClassifier(alpha=0.0001, class_weight=None, copy_X=True,
        fit_intercept=True, max_iter=None, normalize=False,
        random_state=None, solver='auto', tol=0.001), 'tfidf__sublinear_tf': False, 'tfidf__decode_error': 'ignore', 'tfidf__norm': None, 'tfidf__smooth_idf': True, 'tfidf__ngram_range': (2, 1), 'tfidf__max_df': 0.97894736842105268, 'tfidf__analyzer': 'word'}";13;0.9608716162774863;0.9786834349307966;0.9537671412258923;0.9803095078622885;0.952483349832909;0.9785026915998603;0.966395717749966;0.9799145268899757;0.9687631297742754;0.9760862075243621;3.015910620935029;0.030457057366898865;0.006523253316901737;0.0014789661659493818
7.574431657791138;1.491779899597168;0.9413883401133053;0.9501179270027592;"LogisticRegression(C=1.0, class_weight=None, dual=False, fit_intercept=True,
          intercept_scaling=1, max_iter=100, multi_class='ovr', n_jobs=6,
          penalty='l1', random_state=None, solver='liblinear', tol=0.0001,
          verbose=0, warm_start=False)";word;ignore;False;0.873684210526;(1, 1);l1;True;True;True;"{'tfidf__use_idf': True, 'tfidf__lowercase': False, 'models': LogisticRegression(C=1.0, class_weight=None, dual=False, fit_intercept=True,
          intercept_scaling=1, max_iter=100, multi_class='ovr', n_jobs=6,
          penalty='l1', random_state=None, solver='liblinear', tol=0.0001,
          verbose=0, warm_start=False), 'tfidf__sublinear_tf': True, 'tfidf__decode_error': 'ignore', 'tfidf__norm': 'l1', 'tfidf__smooth_idf': True, 'tfidf__ngram_range': (1, 1), 'tfidf__max_df': 0.87368421052631584, 'tfidf__analyzer': 'word'}";25;0.9265488976712026;0.9578749668748637;0.9441824918549713;0.9408585298963765;0.9499773130833779;0.95267919516018;0.9488829560229067;0.9497308976625416;0.9373502585428307;0.9494460454198341;0.06841579162007387;0.03868210575276394;0.008651785975751143;0.005532981357224838
8.037089920043945;1.505341148376465;0.6974555148812617;0.7035643882005493;"LogisticRegression(C=0.0001, class_weight=None, dual=False,
          fit_intercept=True, intercept_scaling=1, max_iter=100,
          multi_class='ovr', n_jobs=1, penalty='l2', random_state=None,
          solver='liblinear', tol=0.0001, verbose=0, warm_start=False)";word;ignore;True;0.8;(3, 1);;False;False;False;"{'tfidf__use_idf': False, 'tfidf__lowercase': True, 'models': LogisticRegression(C=0.0001, class_weight=None, dual=False,
          fit_intercept=True, intercept_scaling=1, max_iter=100,
          multi_class='ovr', n_jobs=1, penalty='l2', random_state=None,
          solver='liblinear', tol=0.0001, verbose=0, warm_start=False), 'tfidf__sublinear_tf': False, 'tfidf__decode_error': 'ignore', 'tfidf__norm': None, 'tfidf__smooth_idf': False, 'tfidf__ngram_range': (3, 1), 'tfidf__max_df': 0.80000000000000004, 'tfidf__analyzer': 'word'}";46;0.667472494159674;0.7017704392888756;0.727815272845365;0.6987164580485833;0.7328055760709011;0.6958112159716099;0.6317053240304231;0.7215309256646527;0.7274766682877286;0.6999929020290248;0.23837913045460643;0.0591074233402922;0.040729745971361635;0.009191129865147769
61.258598709106444;1.5058329582214356;0.9520518264442897;0.970439210341595;"RidgeClassifier(alpha=0.0001, class_weight=None, copy_X=True,
        fit_intercept=True, max_iter=None, normalize=False,
        random_state=None, solver='auto', tol=0.001)";word;ignore;True;0.957894736842;(2, 1);;False;False;False;"{'tfidf__use_idf': False, 'tfidf__lowercase': True, 'models': RidgeClassifier(alpha=0.0001, class_weight=None, copy_X=True,
        fit_intercept=True, max_iter=None, normalize=False,
        random_state=None, solver='auto', tol=0.001), 'tfidf__sublinear_tf': False, 'tfidf__decode_error': 'ignore', 'tfidf__norm': None, 'tfidf__smooth_idf': False, 'tfidf__ngram_range': (2, 1), 'tfidf__max_df': 0.95789473684210524, 'tfidf__analyzer': 'word'}";22;0.9516115567742544;0.9685451892676286;0.9472769807347812;0.971671755795531;0.9412469423405303;0.971054667725574;0.9585385299946074;0.9723987398024363;0.9615861263568122;0.9685256991168052;8.13960043190683;0.026047363748533177;0.007385353206041358;0.0016116173758956038
59.75187487602234;1.5204873561859131;0.905049232548371;0.9975686073437597;"RidgeClassifier(alpha=0.0001, class_weight=None, copy_X=True,
        fit_intercept=True, max_iter=None, normalize=False,
        random_state=None, solver='auto', tol=0.001)";word;ignore;True;0.936842105263;(1, 1);;False;True;False;"{'tfidf__use_idf': False, 'tfidf__lowercase': True, 'models': RidgeClassifier(alpha=0.0001, class_weight=None, copy_X=True,
        fit_intercept=True, max_iter=None, normalize=False,
        random_state=None, solver='auto', tol=0.001), 'tfidf__sublinear_tf': True, 'tfidf__decode_error': 'ignore', 'tfidf__norm': None, 'tfidf__smooth_idf': False, 'tfidf__ngram_range': (1, 1), 'tfidf__max_df': 0.93684210526315792, 'tfidf__analyzer': 'word'}";34;0.9161708609635753;0.997781304909464;0.8896653074159045;0.9982078591704734;0.9037621324261187;0.9968057228552621;0.89335397706032;0.9977661085220271;0.9222942326587731;0.997282041261572;1.698375740578706;0.03000294009407379;0.012618828607136855;0.0004810411063684468
7.726636457443237;1.527007484436035;0.9413774525195171;0.9501117539295476;"LogisticRegression(C=1.0, class_weight=None, dual=False, fit_intercept=True,
          intercept_scaling=1, max_iter=100, multi_class='ovr', n_jobs=6,
          penalty='l1', random_state=None, solver='liblinear', tol=0.0001,
          verbose=0, warm_start=False)";word;ignore;True;0.936842105263;(3, 1);l1;True;True;True;"{'tfidf__use_idf': True, 'tfidf__lowercase': True, 'models': LogisticRegression(C=1.0, class_weight=None, dual=False, fit_intercept=True,
          intercept_scaling=1, max_iter=100, multi_class='ovr', n_jobs=6,
          penalty='l1', random_state=None, solver='liblinear', tol=0.0001,
          verbose=0, warm_start=False), 'tfidf__sublinear_tf': True, 'tfidf__decode_error': 'ignore', 'tfidf__norm': 'l1', 'tfidf__smooth_idf': True, 'tfidf__ngram_range': (3, 1), 'tfidf__max_df': 0.93684210526315792, 'tfidf__analyzer': 'word'}";27;0.9265511892789422;0.9578811579124298;0.944162194757849;0.9408475053244979;0.9499498137905026;0.9526638718279983;0.9488822943649904;0.9497313079498813;0.9373419878188778;0.9494349266329306;0.11840366890646283;0.029345774216128686;0.00864489088228916;0.0055372570929273866
6.650933694839478;1.531951379776001;0.9548392394428594;0.9997224492048569;"PassiveAggressiveClassifier(C=1.0, class_weight=None, fit_intercept=True,
              loss='hinge', n_iter=5, n_jobs=1, random_state=None,
              shuffle=True, verbose=0, warm_start=False)";word;ignore;True;0.884210526316;(1, 1);l2;True;False;True;"{'tfidf__use_idf': True, 'tfidf__lowercase': True, 'models': PassiveAggressiveClassifier(C=1.0, class_weight=None, fit_intercept=True,
              loss='hinge', n_iter=5, n_jobs=1, random_state=None,
              shuffle=True, verbose=0, warm_start=False), 'tfidf__sublinear_tf': False, 'tfidf__decode_error': 'ignore', 'tfidf__norm': 'l2', 'tfidf__smooth_idf': True, 'tfidf__ngram_range': (1, 1), 'tfidf__max_df': 0.88421052631578956, 'tfidf__analyzer': 'word'}";19;0.9581085920885843;0.9998059695917625;0.9643481489047425;0.9998021439007749;0.9490963535937648;0.9997855247700328;0.9332185356848655;0.9997036494546;0.9694241260325998;0.9995149583071133;0.020534296613263486;0.05928251205309514;0.012761193499992836;0.00011019195049070905
18.143985557556153;1.5155089855194093;0.9122660033031671;0.9999941845508624;"LogisticRegression(C=1.0, class_weight=None, dual=False, fit_intercept=True,
          intercept_scaling=1, max_iter=100, multi_class='ovr', n_jobs=1,
          penalty='l2', random_state=None, solver='liblinear', tol=0.0001,
          verbose=0, warm_start=False)";word;ignore;True;0.894736842105;(2, 1);;True;True;True;"{'tfidf__use_idf': True, 'tfidf__lowercase': True, 'models': LogisticRegression(C=1.0, class_weight=None, dual=False, fit_intercept=True,
          intercept_scaling=1, max_iter=100, multi_class='ovr', n_jobs=1,
          penalty='l2', random_state=None, solver='liblinear', tol=0.0001,
          verbose=0, warm_start=False), 'tfidf__sublinear_tf': True, 'tfidf__decode_error': 'ignore', 'tfidf__norm': None, 'tfidf__smooth_idf': True, 'tfidf__ngram_range': (2, 1), 'tfidf__max_df': 0.89473684210526316, 'tfidf__analyzer': 'word'}";32;0.9149694037629508;0.9999938912353584;0.9322306116890328;0.9999968016400614;0.9150348782697969;0.9999943540205585;0.8806147463699792;0.99999368157497;0.918478782284771;0.9999921942833639;0.9236199502148524;0.023275534058017924;0.01705246355016425;1.4951962615116665e-06
8.76228380203247;1.538536787033081;0.9574035382538977;0.9988802455518282;"RidgeClassifier(alpha=1.0, class_weight=None, copy_X=True, fit_intercept=True,
        max_iter=None, normalize=False, random_state=None, solver='auto',
        tol=0.001)";word;ignore;True;0.957894736842;(3, 1);l2;True;True;True;"{'tfidf__use_idf': True, 'tfidf__lowercase': True, 'models': RidgeClassifier(alpha=1.0, class_weight=None, copy_X=True, fit_intercept=True,
        max_iter=None, normalize=False, random_state=None, solver='auto',
        tol=0.001), 'tfidf__sublinear_tf': True, 'tfidf__decode_error': 'ignore', 'tfidf__norm': 'l2', 'tfidf__smooth_idf': True, 'tfidf__ngram_range': (3, 1), 'tfidf__max_df': 0.95789473684210524, 'tfidf__analyzer': 'word'}";16;0.9599585742795185;0.9989418982025586;0.9477346475376347;0.9990619343993545;0.9555976447510397;0.9987172931187667;0.944005544693338;0.9989497054393331;0.9797218390120124;0.9987303965991282;0.28328662614826916;0.03014115661992984;0.012496934010926075;0.00013464380171080432
8.107903003692627;1.5222400665283202;0.9719183458171968;0.995431769012067;"RidgeClassifier(alpha=1.0, class_weight=None, copy_X=True, fit_intercept=True,
        max_iter=None, normalize=False, random_state=None, solver='auto',
        tol=0.001)";word;ignore;True;0.884210526316;(1, 1);l1;False;False;True;"{'tfidf__use_idf': True, 'tfidf__lowercase': True, 'models': RidgeClassifier(alpha=1.0, class_weight=None, copy_X=True, fit_intercept=True,
        max_iter=None, normalize=False, random_state=None, solver='auto',
        tol=0.001), 'tfidf__sublinear_tf': False, 'tfidf__decode_error': 'ignore', 'tfidf__norm': 'l1', 'tfidf__smooth_idf': False, 'tfidf__ngram_range': (1, 1), 'tfidf__max_df': 0.88421052631578956, 'tfidf__analyzer': 'word'}";3;0.9730240121206407;0.9953718908959004;0.9799605450621747;0.9954592236052209;0.9637816307342573;0.9953908548049897;0.9595535132381208;0.9956377839765357;0.9832719645616019;0.9952990917776879;0.1418906006138025;0.05919431342809361;0.009098264209807003;0.00011494218540569205
6.746490621566773;1.5084105014801026;0.9596992358798929;0.9996354820274741;"PassiveAggressiveClassifier(C=1.0, class_weight=None, fit_intercept=True,
              loss='hinge', n_iter=5, n_jobs=1, random_state=None,
              shuffle=True, verbose=0, warm_start=False)";word;ignore;True;1.0;(3, 1);l2;True;False;True;"{'tfidf__use_idf': True, 'tfidf__lowercase': True, 'models': PassiveAggressiveClassifier(C=1.0, class_weight=None, fit_intercept=True,
              loss='hinge', n_iter=5, n_jobs=1, random_state=None,
              shuffle=True, verbose=0, warm_start=False), 'tfidf__sublinear_tf': False, 'tfidf__decode_error': 'ignore', 'tfidf__norm': 'l2', 'tfidf__smooth_idf': True, 'tfidf__ngram_range': (3, 1), 'tfidf__max_df': 1.0, 'tfidf__analyzer': 'word'}";15;0.966457573829054;0.9997866354545131;0.9657362084498781;0.999835690685726;0.9563316139727835;0.9994920366802316;0.940387930036292;0.9995387754871776;0.9695822622745814;0.9995242718297226;0.06689849809708265;0.028700288161843553;0.010621171676359923;0.00014507053181829737
8.650048017501831;1.5146712779998779;0.9571304531451144;0.9988324925062539;"RidgeClassifier(alpha=1.0, class_weight=None, copy_X=True, fit_intercept=True,
        max_iter=None, normalize=False, random_state=None, solver='auto',
        tol=0.001)";word;ignore;True;0.989473684211;(2, 1);l2;True;False;True;"{'tfidf__use_idf': True, 'tfidf__lowercase': True, 'models': RidgeClassifier(alpha=1.0, class_weight=None, copy_X=True, fit_intercept=True,
        max_iter=None, normalize=False, random_state=None, solver='auto',
        tol=0.001), 'tfidf__sublinear_tf': False, 'tfidf__decode_error': 'ignore', 'tfidf__norm': 'l2', 'tfidf__smooth_idf': True, 'tfidf__ngram_range': (2, 1), 'tfidf__max_df': 0.98947368421052628, 'tfidf__analyzer': 'word'}";17;0.9616393048702557;0.9988822914687832;0.9512417894968415;0.9990017311868766;0.9511486520108531;0.9986849187229894;0.9439873491006415;0.9989105435127674;0.9776356316021055;0.9986829776398529;0.21303633127969535;0.03300816201200804;0.011695909939755467;0.00012755104396875518
8.030774545669555;1.5118262767791748;0.9835661445644339;0.9951205342432969;"LogisticRegression(C=1.0, class_weight=None, dual=False, fit_intercept=True,
          intercept_scaling=1, max_iter=100, multi_class='ovr', n_jobs=1,
          penalty='l2', random_state=None, solver='liblinear', tol=0.0001,
          verbose=0, warm_start=False)";word;ignore;False;0.873684210526;(3, 1);l2;True;True;True;"{'tfidf__use_idf': True, 'tfidf__lowercase': False, 'models': LogisticRegression(C=1.0, class_weight=None, dual=False, fit_intercept=True,
          intercept_scaling=1, max_iter=100, multi_class='ovr', n_jobs=1,
          penalty='l2', random_state=None, solver='liblinear', tol=0.0001,
          verbose=0, warm_start=False), 'tfidf__sublinear_tf': True, 'tfidf__decode_error': 'ignore', 'tfidf__norm': 'l2', 'tfidf__smooth_idf': True, 'tfidf__ngram_range': (3, 1), 'tfidf__max_df': 0.87368421052631584, 'tfidf__analyzer': 'word'}";1;0.9802965929685618;0.9953259311834705;0.9891030778256178;0.9950786701931036;0.9800160347067266;0.995173016669235;0.9833169572999064;0.9950157883696874;0.9850981404104264;0.9950092648009876;0.036382975183477384;0.030704426278093735;0.0033574170118507766;0.00011836172826858278
6.646849346160889;1.5971050262451172;0.8717336123156096;0.8669830754468416;BernoulliNB(alpha=1.0, binarize=0.0, class_prior=None, fit_prior=True);word;ignore;True;0.936842105263;(3, 1);l2;False;True;True;{'tfidf__use_idf': True, 'tfidf__lowercase': True, 'models': BernoulliNB(alpha=1.0, binarize=0.0, class_prior=None, fit_prior=True), 'tfidf__sublinear_tf': True, 'tfidf__decode_error': 'ignore', 'tfidf__norm': 'l2', 'tfidf__smooth_idf': False, 'tfidf__ngram_range': (3, 1), 'tfidf__max_df': 0.93684210526315792, 'tfidf__analyzer': 'word'};39;0.861098289020187;0.8666426649121692;0.8740329415338844;0.8656842676150651;0.8803042534858627;0.86037324181732;0.8640443509301257;0.8758032118318663;0.8791882119025642;0.8664119910577874;0.03514171743750251;0.04052938513494868;0.00783006000921141;0.004972195188361212
201.75883502960204;1.5225829124450683;0.9096439218663593;0.9991189361793615;"LogisticRegression(C=1.0, class_weight=None, dual=False, fit_intercept=True,
          intercept_scaling=1, max_iter=100, multi_class='ovr', n_jobs=6,
          penalty='l1', random_state=None, solver='liblinear', tol=0.0001,
          verbose=0, warm_start=False)";word;ignore;True;0.831578947368;(1, 1);;False;False;True;"{'tfidf__use_idf': True, 'tfidf__lowercase': True, 'models': LogisticRegression(C=1.0, class_weight=None, dual=False, fit_intercept=True,
          intercept_scaling=1, max_iter=100, multi_class='ovr', n_jobs=6,
          penalty='l1', random_state=None, solver='liblinear', tol=0.0001,
          verbose=0, warm_start=False), 'tfidf__sublinear_tf': False, 'tfidf__decode_error': 'ignore', 'tfidf__norm': None, 'tfidf__smooth_idf': False, 'tfidf__ngram_range': (1, 1), 'tfidf__max_df': 0.83157894736842108, 'tfidf__analyzer': 'word'}";33;0.9211660747771248;0.9997139267575164;0.9292001241396649;0.9990430527631897;0.897903146181003;0.9977052847272574;0.8734329459326233;0.9996670210523562;0.9265161064078261;0.9994653955964886;172.96043869089937;0.027213846001584822;0.021208076861609595;0.0007454681300633374
6.646135139465332;1.4713826656341553;0.9432452878923696;0.9929856040696723;"PassiveAggressiveClassifier(C=1.0, class_weight=None, fit_intercept=True,
              loss='hinge', n_iter=5, n_jobs=1, random_state=None,
              shuffle=True, verbose=0, warm_start=False)";word;ignore;False;0.873684210526;(3, 1);l1;False;True;True;"{'tfidf__use_idf': True, 'tfidf__lowercase': False, 'models': PassiveAggressiveClassifier(C=1.0, class_weight=None, fit_intercept=True,
              loss='hinge', n_iter=5, n_jobs=1, random_state=None,
              shuffle=True, verbose=0, warm_start=False), 'tfidf__sublinear_tf': True, 'tfidf__decode_error': 'ignore', 'tfidf__norm': 'l1', 'tfidf__smooth_idf': False, 'tfidf__ngram_range': (3, 1), 'tfidf__max_df': 0.87368421052631584, 'tfidf__analyzer': 'word'}";24;0.9460298550656318;0.9909896030059894;0.9283679431576521;0.9932725738187644;0.9511453782855108;0.9934231949752305;0.9252233922539708;0.9952184703154546;0.9654601334564017;0.9920241782329232;0.02542255072229141;0.04498388403323708;0.014898088827498329;0.0014260356934430037
52.0850417137146;1.5146941184997558;0.9042141419017768;0.997830641005452;"RidgeClassifier(alpha=1.0, class_weight=None, copy_X=True, fit_intercept=True,
        max_iter=None, normalize=False, random_state=None, solver='auto',
        tol=0.001)";word;ignore;True;0.978947368421;(2, 1);;False;True;True;"{'tfidf__use_idf': True, 'tfidf__lowercase': True, 'models': RidgeClassifier(alpha=1.0, class_weight=None, copy_X=True, fit_intercept=True,
        max_iter=None, normalize=False, random_state=None, solver='auto',
        tol=0.001), 'tfidf__sublinear_tf': True, 'tfidf__decode_error': 'ignore', 'tfidf__norm': None, 'tfidf__smooth_idf': False, 'tfidf__ngram_range': (2, 1), 'tfidf__max_df': 0.97894736842105268, 'tfidf__analyzer': 'word'}";35;0.916503471458353;0.9979582534017593;0.8826022449898907;0.9983763129833174;0.9059427608766251;0.9972193088465525;0.894213801522475;0.9979690161258311;0.9218089065772106;0.9976303136697997;1.0814546205328759;0.05983175633471418;0.014357385226270428;0.0003865355235869044
61.74890899658203;1.4916141510009766;0.9520638692454524;0.970437973942343;"RidgeClassifier(alpha=1.0, class_weight=None, copy_X=True, fit_intercept=True,
        max_iter=None, normalize=False, random_state=None, solver='auto',
        tol=0.001)";word;ignore;False;0.968421052632;(1, 1);;True;False;False;"{'tfidf__use_idf': False, 'tfidf__lowercase': False, 'models': RidgeClassifier(alpha=1.0, class_weight=None, copy_X=True, fit_intercept=True,
        max_iter=None, normalize=False, random_state=None, solver='auto',
        tol=0.001), 'tfidf__sublinear_tf': False, 'tfidf__decode_error': 'ignore', 'tfidf__norm': None, 'tfidf__smooth_idf': True, 'tfidf__ngram_range': (1, 1), 'tfidf__max_df': 0.96842105263157896, 'tfidf__analyzer': 'word'}";20;0.9516354549692532;0.9685389570936004;0.9472651953235488;0.9716569878055894;0.9412973577108017;0.9710650958187501;0.9585338983891938;0.9724006271241986;0.9615884421595191;0.9685282018695769;8.319693884989801;0.049115118536084794;0.007371646351235411;0.0016115072770936508
8.243849086761475;1.4341413497924804;0.9625870359499754;0.9978466457721161;"RidgeClassifier(alpha=1.0, class_weight=None, copy_X=True, fit_intercept=True,
        max_iter=None, normalize=False, random_state=None, solver='auto',
        tol=0.001)";word;ignore;False;0.863157894737;(3, 1);l2;True;False;False;"{'tfidf__use_idf': False, 'tfidf__lowercase': False, 'models': RidgeClassifier(alpha=1.0, class_weight=None, copy_X=True, fit_intercept=True,
        max_iter=None, normalize=False, random_state=None, solver='auto',
        tol=0.001), 'tfidf__sublinear_tf': False, 'tfidf__decode_error': 'ignore', 'tfidf__norm': 'l2', 'tfidf__smooth_idf': True, 'tfidf__ngram_range': (3, 1), 'tfidf__max_df': 0.86315789473684212, 'tfidf__analyzer': 'word'}";10;0.9663812960285784;0.9979095375463598;0.9632337727982232;0.9980399195634072;0.9568125242255676;0.9976112159222463;0.9496309602972168;0.9980639155874829;0.9768767099721772;0.9976086402410849;0.07262540421911336;0.03324317337806012;0.009167350341287782;0.00020029485931906963
6.522245597839356;1.4889978885650634;0.6607082371272116;0.7002480914017541;"SGDClassifier(alpha=0.0001, average=False, class_weight=None, epsilon=0.1,
       eta0=0.0, fit_intercept=True, l1_ratio=0.15,
       learning_rate='optimal', loss='hinge', n_iter=5, n_jobs=1,
       penalty='l2', power_t=0.5, random_state=None, shuffle=True,
       verbose=0, warm_start=False)";word;ignore;True;0.989473684211;(2, 1);;False;False;False;"{'tfidf__use_idf': False, 'tfidf__lowercase': True, 'models': SGDClassifier(alpha=0.0001, average=False, class_weight=None, epsilon=0.1,
       eta0=0.0, fit_intercept=True, l1_ratio=0.15,
       learning_rate='optimal', loss='hinge', n_iter=5, n_jobs=1,
       penalty='l2', power_t=0.5, random_state=None, shuffle=True,
       verbose=0, warm_start=False), 'tfidf__sublinear_tf': False, 'tfidf__decode_error': 'ignore', 'tfidf__norm': None, 'tfidf__smooth_idf': False, 'tfidf__ngram_range': (2, 1), 'tfidf__max_df': 0.98947368421052628, 'tfidf__analyzer': 'word'}";50;0.5752524696983983;0.6179142855168307;0.6719051182731492;0.7321303208059916;0.6471958578207988;0.6817806793884194;0.7175954689665895;0.7444065885992431;0.6915977715361382;0.7250085826982855;0.07369331773195399;0.026376112013904413;0.04858188227977105;0.046258906718030395
7.642017078399658;1.4978702545166016;0.9401514727616977;0.9499420926651239;"LogisticRegression(C=1.0, class_weight=None, dual=False, fit_intercept=True,
          intercept_scaling=1, max_iter=100, multi_class='ovr', n_jobs=6,
          penalty='l1', random_state=None, solver='liblinear', tol=0.0001,
          verbose=0, warm_start=False)";word;ignore;False;0.8;(2, 1);l1;True;False;True;"{'tfidf__use_idf': True, 'tfidf__lowercase': False, 'models': LogisticRegression(C=1.0, class_weight=None, dual=False, fit_intercept=True,
          intercept_scaling=1, max_iter=100, multi_class='ovr', n_jobs=6,
          penalty='l1', random_state=None, solver='liblinear', tol=0.0001,
          verbose=0, warm_start=False), 'tfidf__sublinear_tf': False, 'tfidf__decode_error': 'ignore', 'tfidf__norm': 'l1', 'tfidf__smooth_idf': True, 'tfidf__ngram_range': (2, 1), 'tfidf__max_df': 0.80000000000000004, 'tfidf__analyzer': 'word'}";28;0.92966679368721;0.958493165629301;0.9454795418355909;0.9432105276927785;0.94668640068303;0.9532936916330164;0.9401556881076915;0.9464734931299948;0.9387688531152509;0.9482395852405282;0.029214425311792275;0.038372619319176966;0.006048772089994823;0.005377689945005512
6.373632526397705;1.5290794372558594;0.9392422190510995;0.9836507959995611;"SGDClassifier(alpha=0.0001, average=False, class_weight=None, epsilon=0.1,
       eta0=0.0, fit_intercept=True, l1_ratio=0.15,
       learning_rate='optimal', loss='hinge', n_iter=5, n_jobs=1,
       penalty='l2', power_t=0.5, random_state=None, shuffle=True,
       verbose=0, warm_start=False)";word;ignore;False;0.894736842105;(1, 1);l1;False;True;False;"{'tfidf__use_idf': False, 'tfidf__lowercase': False, 'models': SGDClassifier(alpha=0.0001, average=False, class_weight=None, epsilon=0.1,
       eta0=0.0, fit_intercept=True, l1_ratio=0.15,
       learning_rate='optimal', loss='hinge', n_iter=5, n_jobs=1,
       penalty='l2', power_t=0.5, random_state=None, shuffle=True,
       verbose=0, warm_start=False), 'tfidf__sublinear_tf': True, 'tfidf__decode_error': 'ignore', 'tfidf__norm': 'l1', 'tfidf__smooth_idf': False, 'tfidf__ngram_range': (1, 1), 'tfidf__max_df': 0.89473684210526316, 'tfidf__analyzer': 'word'}";29;0.9458894122484469;0.9847280164071956;0.93732354620405;0.9846061702060616;0.9448473854719928;0.981318276757397;0.9181469608397762;0.986170095899537;0.9500031428751021;0.9814314207276138;0.016633297495076672;0.01826126551674275;0.011314350840174394;0.0019383646860116894
6.6735790252685545;1.5454095363616944;0.9697020954135809;0.9989368553726159;"SGDClassifier(alpha=0.0001, average=False, class_weight=None, epsilon=0.1,
       eta0=0.0, fit_intercept=True, l1_ratio=0.15,
       learning_rate='optimal', loss='hinge', n_iter=5, n_jobs=1,
       penalty='l2', power_t=0.5, random_state=None, shuffle=True,
       verbose=0, warm_start=False)";word;ignore;True;0.978947368421;(2, 1);l2;True;True;True;"{'tfidf__use_idf': True, 'tfidf__lowercase': True, 'models': SGDClassifier(alpha=0.0001, average=False, class_weight=None, epsilon=0.1,
       eta0=0.0, fit_intercept=True, l1_ratio=0.15,
       learning_rate='optimal', loss='hinge', n_iter=5, n_jobs=1,
       penalty='l2', power_t=0.5, random_state=None, shuffle=True,
       verbose=0, warm_start=False), 'tfidf__sublinear_tf': True, 'tfidf__decode_error': 'ignore', 'tfidf__norm': 'l2', 'tfidf__smooth_idf': True, 'tfidf__ngram_range': (2, 1), 'tfidf__max_df': 0.97894736842105268, 'tfidf__analyzer': 'word'}";8;0.9741874941072944;0.9990774017091542;0.96620304168369;0.9992869919842313;0.9659632413023664;0.9984358785806308;0.9623612586056882;0.9989400226581183;0.9797956138696733;0.9989439819309456;0.08192571294742386;0.04862772530303943;0.0063577277867671;0.00028049509270097777
8.508793258666993;1.4884502410888671;0.9569978004324468;0.9988592309694594;"RidgeClassifier(alpha=1.0, class_weight=None, copy_X=True, fit_intercept=True,
        max_iter=None, normalize=False, random_state=None, solver='auto',
        tol=0.001)";word;ignore;False;0.989473684211;(2, 1);l2;False;False;True;"{'tfidf__use_idf': True, 'tfidf__lowercase': False, 'models': RidgeClassifier(alpha=1.0, class_weight=None, copy_X=True, fit_intercept=True,
        max_iter=None, normalize=False, random_state=None, solver='auto',
        tol=0.001), 'tfidf__sublinear_tf': False, 'tfidf__decode_error': 'ignore', 'tfidf__norm': 'l2', 'tfidf__smooth_idf': False, 'tfidf__ngram_range': (2, 1), 'tfidf__max_df': 0.98947368421052628, 'tfidf__analyzer': 'word'}";18;0.961360710843626;0.9989072407331274;0.950858436259258;0.9990261456772118;0.9512409710655059;0.9987139610653257;0.943917544190478;0.9989333349744827;0.9776118119171207;0.99871547239715;0.14027454485065285;0.04116306896965055;0.011712201145925165;0.00012444013242637935
6.411571025848389;1.506585168838501;0.8717336123156096;0.8669830754468416;BernoulliNB(alpha=1.0, binarize=0.0, class_prior=None, fit_prior=True);word;ignore;False;0.831578947368;(2, 1);;False;True;True;{'tfidf__use_idf': True, 'tfidf__lowercase': False, 'models': BernoulliNB(alpha=1.0, binarize=0.0, class_prior=None, fit_prior=True), 'tfidf__sublinear_tf': True, 'tfidf__decode_error': 'ignore', 'tfidf__norm': None, 'tfidf__smooth_idf': False, 'tfidf__ngram_range': (2, 1), 'tfidf__max_df': 0.83157894736842108, 'tfidf__analyzer': 'word'};39;0.861098289020187;0.8666426649121692;0.8740329415338844;0.8656842676150651;0.8803042534858627;0.86037324181732;0.8640443509301257;0.8758032118318663;0.8791882119025642;0.8664119910577874;0.048124149837018036;0.03273064408147457;0.00783006000921141;0.004972195188361212
52.05264663696289;1.492691421508789;0.960620789667102;0.978955792930354;"RidgeClassifier(alpha=0.0001, class_weight=None, copy_X=True,
        fit_intercept=True, max_iter=None, normalize=False,
        random_state=None, solver='auto', tol=0.001)";word;ignore;False;0.873684210526;(1, 1);;False;False;True;"{'tfidf__use_idf': True, 'tfidf__lowercase': False, 'models': RidgeClassifier(alpha=0.0001, class_weight=None, copy_X=True,
        fit_intercept=True, max_iter=None, normalize=False,
        random_state=None, solver='auto', tol=0.001), 'tfidf__sublinear_tf': False, 'tfidf__decode_error': 'ignore', 'tfidf__norm': None, 'tfidf__smooth_idf': False, 'tfidf__ngram_range': (1, 1), 'tfidf__max_df': 0.87368421052631584, 'tfidf__analyzer': 'word'}";12;0.9609488761955645;0.9791136811892913;0.9543662329635334;0.9803280809749868;0.952517396576469;0.9787889191040775;0.9665310267938373;0.9802116159525872;0.9687412950630394;0.9763366674308268;3.1747461694052146;0.03954322344440033;0.006415051786467989;0.0014403374534527006
6.571664714813233;1.547873306274414;0.8717336123156096;0.8669830754468416;BernoulliNB(alpha=1.0, binarize=0.0, class_prior=None, fit_prior=True);word;ignore;True;0.947368421053;(2, 1);l1;True;True;True;{'tfidf__use_idf': True, 'tfidf__lowercase': True, 'models': BernoulliNB(alpha=1.0, binarize=0.0, class_prior=None, fit_prior=True), 'tfidf__sublinear_tf': True, 'tfidf__decode_error': 'ignore', 'tfidf__norm': 'l1', 'tfidf__smooth_idf': True, 'tfidf__ngram_range': (2, 1), 'tfidf__max_df': 0.94736842105263164, 'tfidf__analyzer': 'word'};39;0.861098289020187;0.8666426649121692;0.8740329415338844;0.8656842676150651;0.8803042534858627;0.86037324181732;0.8640443509301257;0.8758032118318663;0.8791882119025642;0.8664119910577874;0.047359344697830846;0.03494909990453892;0.00783006000921141;0.004972195188361212
8.037167835235596;1.4934497833251954;0.9717516871199989;0.9816640064847834;"LogisticRegression(C=1.0, class_weight=None, dual=False, fit_intercept=True,
          intercept_scaling=1, max_iter=100, multi_class='ovr', n_jobs=6,
          penalty='l1', random_state=None, solver='liblinear', tol=0.0001,
          verbose=0, warm_start=False)";word;ignore;True;0.852631578947;(1, 1);l2;True;True;False;"{'tfidf__use_idf': False, 'tfidf__lowercase': True, 'models': LogisticRegression(C=1.0, class_weight=None, dual=False, fit_intercept=True,
          intercept_scaling=1, max_iter=100, multi_class='ovr', n_jobs=6,
          penalty='l1', random_state=None, solver='liblinear', tol=0.0001,
          verbose=0, warm_start=False), 'tfidf__sublinear_tf': True, 'tfidf__decode_error': 'ignore', 'tfidf__norm': 'l2', 'tfidf__smooth_idf': True, 'tfidf__ngram_range': (1, 1), 'tfidf__max_df': 0.85263157894736841, 'tfidf__analyzer': 'word'}";5;0.9624793427930901;0.9830619588344132;0.97961811339137;0.9791756121331832;0.9649254703688572;0.983750542075731;0.9754911982955692;0.9827744553050922;0.9762448266621675;0.979557464075497;0.10435924038773535;0.06259427135942736;0.006762101789128511;0.0019063381388331692
6.4082074642181395;1.5652812004089356;0.9490130497694909;0.988614548095249;"PassiveAggressiveClassifier(C=1.0, class_weight=None, fit_intercept=True,
              loss='hinge', n_iter=5, n_jobs=1, random_state=None,
              shuffle=True, verbose=0, warm_start=False)";word;ignore;True;0.884210526316;(2, 1);l1;False;False;False;"{'tfidf__use_idf': False, 'tfidf__lowercase': True, 'models': PassiveAggressiveClassifier(C=1.0, class_weight=None, fit_intercept=True,
              loss='hinge', n_iter=5, n_jobs=1, random_state=None,
              shuffle=True, verbose=0, warm_start=False), 'tfidf__sublinear_tf': False, 'tfidf__decode_error': 'ignore', 'tfidf__norm': 'l1', 'tfidf__smooth_idf': False, 'tfidf__ngram_range': (2, 1), 'tfidf__max_df': 0.88421052631578956, 'tfidf__analyzer': 'word'}";23;0.9456415912400347;0.9891588864590037;0.9539655289816357;0.9893650007030221;0.9472244374430372;0.9902972969148394;0.9354714808896653;0.9860228232589842;0.96276222330293;0.9882287331403957;0.053127530681705025;0.022528168277495996;0.009071865899378405;0.0014530669473153603
44.76677913665772;1.4945688724517823;0.9158432556138414;0.9966298437081077;"RidgeClassifier(alpha=1.0, class_weight=None, copy_X=True, fit_intercept=True,
        max_iter=None, normalize=False, random_state=None, solver='auto',
        tol=0.001)";word;ignore;True;1.0;(1, 1);;False;True;False;"{'tfidf__use_idf': False, 'tfidf__lowercase': True, 'models': RidgeClassifier(alpha=1.0, class_weight=None, copy_X=True, fit_intercept=True,
        max_iter=None, normalize=False, random_state=None, solver='auto',
        tol=0.001), 'tfidf__sublinear_tf': True, 'tfidf__decode_error': 'ignore', 'tfidf__norm': None, 'tfidf__smooth_idf': False, 'tfidf__ngram_range': (1, 1), 'tfidf__max_df': 1.0, 'tfidf__analyzer': 'word'}";31;0.931233598636035;0.9969005938212868;0.9040147003362772;0.9976983223810245;0.9136841391935636;0.9950203798261196;0.8990386110477022;0.9971367892861667;0.9312451409496776;0.9963931332259406;0.9979356515115684;0.03087245848644671;0.013424182184427052;0.0009075628856636007
6.670334529876709;1.4980645656585694;0.8028784813360419;0.9785160657853943;"PassiveAggressiveClassifier(C=1.0, class_weight=None, fit_intercept=True,
              loss='hinge', n_iter=5, n_jobs=1, random_state=None,
              shuffle=True, verbose=0, warm_start=False)";word;ignore;True;0.968421052632;(2, 1);;False;False;True;"{'tfidf__use_idf': True, 'tfidf__lowercase': True, 'models': PassiveAggressiveClassifier(C=1.0, class_weight=None, fit_intercept=True,
              loss='hinge', n_iter=5, n_jobs=1, random_state=None,
              shuffle=True, verbose=0, warm_start=False), 'tfidf__sublinear_tf': False, 'tfidf__decode_error': 'ignore', 'tfidf__norm': None, 'tfidf__smooth_idf': False, 'tfidf__ngram_range': (2, 1), 'tfidf__max_df': 0.96842105263157896, 'tfidf__analyzer': 'word'}";44;0.7244497195072128;0.9362731821447681;0.8553272023005123;0.991418224374226;0.8219785806698305;0.9854806285519793;0.7819628743743197;0.9921979759499818;0.8306744609969199;0.9872103179060165;0.03809190621312169;0.024624933817747864;0.04577558016879089;0.021270715713136407
7.678315019607544;1.5048905849456786;0.9413823948397843;0.9501150217012289;"LogisticRegression(C=1.0, class_weight=None, dual=False, fit_intercept=True,
          intercept_scaling=1, max_iter=100, multi_class='ovr', n_jobs=6,
          penalty='l1', random_state=None, solver='liblinear', tol=0.0001,
          verbose=0, warm_start=False)";word;ignore;False;0.842105263158;(3, 1);l1;True;True;True;"{'tfidf__use_idf': True, 'tfidf__lowercase': False, 'models': LogisticRegression(C=1.0, class_weight=None, dual=False, fit_intercept=True,
          intercept_scaling=1, max_iter=100, multi_class='ovr', n_jobs=6,
          penalty='l1', random_state=None, solver='liblinear', tol=0.0001,
          verbose=0, warm_start=False), 'tfidf__sublinear_tf': True, 'tfidf__decode_error': 'ignore', 'tfidf__norm': 'l1', 'tfidf__smooth_idf': True, 'tfidf__ngram_range': (3, 1), 'tfidf__max_df': 0.8421052631578948, 'tfidf__analyzer': 'word'}";26;0.9265472608085314;0.9578739281791924;0.9441625221303834;0.9408465386176355;0.9499629086918718;0.9526717494605158;0.9488839485097811;0.9497308771481747;0.9373555518061607;0.9494520151006254;0.07655910198738007;0.06153864335086337;0.008647879858501215;0.005535872289528267
6.672168493270874;1.499551820755005;0.6691059604705052;0.6717866455311517;"LogisticRegression(C=0.0001, class_weight=None, dual=False,
          fit_intercept=True, intercept_scaling=1, max_iter=100,
          multi_class='ovr', n_jobs=1, penalty='l2', random_state=None,
          solver='liblinear', tol=0.0001, verbose=0, warm_start=False)";word;ignore;False;0.978947368421;(1, 1);l1;False;False;False;"{'tfidf__use_idf': False, 'tfidf__lowercase': False, 'models': LogisticRegression(C=0.0001, class_weight=None, dual=False,
          fit_intercept=True, intercept_scaling=1, max_iter=100,
          multi_class='ovr', n_jobs=1, penalty='l2', random_state=None,
          solver='liblinear', tol=0.0001, verbose=0, warm_start=False), 'tfidf__sublinear_tf': False, 'tfidf__decode_error': 'ignore', 'tfidf__norm': 'l1', 'tfidf__smooth_idf': False, 'tfidf__ngram_range': (1, 1), 'tfidf__max_df': 0.97894736842105268, 'tfidf__analyzer': 'word'}";47;0.6669768521428496;0.674186806187286;0.6634240417151178;0.6707681604934137;0.7100165192180772;0.6604522464498616;0.5931253742502588;0.6931551660561078;0.7119849406658264;0.6603708484690898;0.06753905554840514;0.04349329996154041;0.04317847662379059;0.012018325819089404
8.481173467636108;1.4629042625427247;0.962556688295385;0.9978467666083709;"RidgeClassifier(alpha=1.0, class_weight=None, copy_X=True, fit_intercept=True,
        max_iter=None, normalize=False, random_state=None, solver='auto',
        tol=0.001)";word;ignore;True;0.852631578947;(1, 1);l2;False;False;False;"{'tfidf__use_idf': False, 'tfidf__lowercase': True, 'models': RidgeClassifier(alpha=1.0, class_weight=None, copy_X=True, fit_intercept=True,
        max_iter=None, normalize=False, random_state=None, solver='auto',
        tol=0.001), 'tfidf__sublinear_tf': False, 'tfidf__decode_error': 'ignore', 'tfidf__norm': 'l2', 'tfidf__smooth_idf': False, 'tfidf__ngram_range': (1, 1), 'tfidf__max_df': 0.85263157894736841, 'tfidf__analyzer': 'word'}";11;0.9663531419906346;0.9979119028929382;0.9632701111495228;0.9980411742255053;0.9567941913636507;0.9976111336493216;0.949469515765654;0.9980633411852073;0.9768965597096646;0.9976062810888822;0.20968169526726446;0.01627624894070085;0.009219776951636399;0.00020114560943409858
